{
  "results": {
    "gamma": [
      0.0,
      10000.0,
      100000.0,
      300000.0,
      1000000.0,
      3000000.0,
      10000000.0,
      100000000.0
    ],
    "delta_Ys": [
      0.028563281246874517,
      0.02867937633020634,
      0.029751520407898246,
      0.032315290447781864,
      0.04137885144499853,
      0.04911208392638189,
      0.029382579119632213,
      0.0012738250082737768,
      0.0,
      0.0,
      0.0,
      0.0,
      0.0,
      0.0,
      0.0,
      0.0,
      0.0,
      0.0,
      0.0,
      0.0,
      0.0,
      0.0,
      0.0,
      0.0,
      0.0,
      0.0,
      0.0,
      0.0,
      0.0,
      0.0,
      0.0,
      0.0,
      0.0,
      0.0,
      0.0,
      0.0,
      0.0,
      0.0,
      0.0,
      0.0
    ],
    "max_sensitivity": [
      882.5298514324531,
      886.3600981168565,
      919.5463419096632,
      990.3459414077079,
      1223.081056102441,
      1377.8854701392556,
      787.8968757386174,
      44.031483860432274,
      0.0,
      0.0,
      0.0,
      0.0,
      0.0,
      0.0,
      0.0,
      0.0,
      0.0,
      0.0,
      0.0,
      0.0,
      0.0,
      0.0,
      0.0,
      0.0,
      0.0,
      0.0,
      0.0,
      0.0,
      0.0,
      0.0,
      0.0,
      0.0,
      0.0,
      0.0,
      0.0,
      0.0,
      0.0,
      0.0,
      0.0,
      0.0
    ],
    "params": {
      "T_us": 5.0,
      "dt_ns": 2.0,
      "kS": 1000000.0,
      "A_rad_s": 6283185.307179586
    }
  },
  "collapse_analysis": {
    "gamma_crit": 100000000.0,
    "sensitivity_crit": 44.031483860432274,
    "gamma_over_k_crit": 100.0,
    "gamma_over_A_crit": 15.915494309189535
  },
  "signature": "\u03c0\u00d7\u03c6 = 5.083203692315260 | PHOENIX-TESLA-369-AURORA",
  "description": "Noise-induced magnetosensitivity collapse boundary"
}