{
  "meta": {
    "T_us": 5.0,
    "dt_ns": 0.25,
    "A_MHz": 1.0,
    "kS": 1000000.0,
    "kT": 1000000.0,
    "B_grid_uT": [
      25.0,
      25.5,
      26.0,
      26.5,
      27.0,
      27.5,
      28.0,
      28.5,
      29.0,
      29.5,
      30.0,
      30.5,
      31.0,
      31.5,
      32.0,
      32.5,
      33.0,
      33.5,
      34.0,
      34.5,
      35.0,
      35.5,
      36.0,
      36.5,
      37.0,
      37.5,
      38.0,
      38.5,
      39.0,
      39.5,
      40.0,
      40.5,
      41.0,
      41.5,
      42.0,
      42.5,
      43.0,
      43.5,
      44.0,
      44.5,
      45.0,
      45.5,
      46.0,
      46.5,
      47.0,
      47.5,
      48.0,
      48.5,
      49.0,
      49.5,
      50.0,
      50.5,
      51.0,
      51.5,
      52.0,
      52.5,
      53.0,
      53.5,
      54.0,
      54.5,
      55.0,
      55.5,
      56.0,
      56.5,
      57.0,
      57.5,
      58.0,
      58.5,
      59.0,
      59.5,
      60.0,
      60.5,
      61.0,
      61.5,
      62.0,
      62.5,
      63.0,
      63.5,
      64.0,
      64.5,
      65.0
    ],
    "gamma_grid": [
      0.0,
      10000.0,
      100000.0,
      300000.0,
      1000000.0,
      3000000.0,
      10000000.0,
      100000000.0
    ],
    "earth_band_uT": [
      25.0,
      65.0
    ]
  },
  "gamma_summaries": [
    {
      "gamma": 0.0,
      "gamma_over_kS": 0.0,
      "earth": {
        "Ys_min": 0.48984168140169626,
        "Ys_max": 0.5184061244282758,
        "delta_Ys": 0.028564443026579567,
        "max_abs_dYs_dB_uT_inv": 0.0009032235735019212,
        "B_at_max_slope_uT": 39.0
      },
      "survival_mean": 0.006737946999085459,
      "closure_mean": -5.194747238678202e-16
    },
    {
      "gamma": 10000.0,
      "gamma_over_kS": 0.01,
      "earth": {
        "Ys_min": 0.4900000295186626,
        "Ys_max": 0.5186805142550105,
        "delta_Ys": 0.028680484736347878,
        "max_abs_dYs_dB_uT_inv": 0.000906546413785625,
        "B_at_max_slope_uT": 39.0
      },
      "survival_mean": 0.006737946999085462,
      "closure_mean": -6.167905692361981e-16
    },
    {
      "gamma": 100000.0,
      "gamma_over_kS": 0.1,
      "earth": {
        "Ys_min": 0.49124474929284334,
        "Ys_max": 0.520997010266939,
        "delta_Ys": 0.029752260974095668,
        "max_abs_dYs_dB_uT_inv": 0.0009358012945479555,
        "B_at_max_slope_uT": 39.0
      },
      "survival_mean": 0.006737946999085462,
      "closure_mean": -1.247287595566534e-15
    },
    {
      "gamma": 300000.0,
      "gamma_over_kS": 0.3,
      "earth": {
        "Ys_min": 0.49291712055375,
        "Ys_max": 0.5252327785017638,
        "delta_Ys": 0.032315657948013776,
        "max_abs_dYs_dB_uT_inv": 0.001001018022198541,
        "B_at_max_slope_uT": 39.0
      },
      "survival_mean": 0.006737946999085464,
      "closure_mean": -5.057682667736824e-16
    },
    {
      "gamma": 1000000.0,
      "gamma_over_kS": 1.0,
      "earth": {
        "Ys_min": 0.4907281721125739,
        "Ys_max": 0.532107247683438,
        "delta_Ys": 0.041379075570864066,
        "max_abs_dYs_dB_uT_inv": 0.0012319865924920181,
        "B_at_max_slope_uT": 37.5
      },
      "survival_mean": 0.0067379469990854575,
      "closure_mean": -6.71616397612749e-16
    },
    {
      "gamma": 3000000.0,
      "gamma_over_kS": 3.0,
      "earth": {
        "Ys_min": 0.4700023902012565,
        "Ys_max": 0.5191145843975361,
        "delta_Ys": 0.0491121941962796,
        "max_abs_dYs_dB_uT_inv": 0.0013826571522686515,
        "B_at_max_slope_uT": 38.0
      },
      "survival_mean": 0.006737946999085461,
      "closure_mean": -9.594519965896414e-16
    },
    {
      "gamma": 10000000.0,
      "gamma_over_kS": 10.0,
      "earth": {
        "Ys_min": 0.4352664915444149,
        "Ys_max": 0.46464907408675715,
        "delta_Ys": 0.029382582542342273,
        "max_abs_dYs_dB_uT_inv": 0.0007885709779634209,
        "B_at_max_slope_uT": 53.0
      },
      "survival_mean": 0.006737946999085448,
      "closure_mean": -1.7133071367672168e-16
    },
    {
      "gamma": 100000000.0,
      "gamma_over_kS": 100.0,
      "earth": {
        "Ys_min": 0.4480872574930792,
        "Ys_max": 0.44936108554514,
        "delta_Ys": 0.001273828052060777,
        "max_abs_dYs_dB_uT_inv": 4.476010415344067e-05,
        "B_at_max_slope_uT": 65.0
      },
      "survival_mean": 0.0067379469990854635,
      "closure_mean": -2.3232444774563463e-15
    }
  ],
  "collapse_analysis": {
    "gamma_max": 3000000.0,
    "sens_max": 0.0013826571522686515,
    "gamma_crit": 100000000.0,
    "sens_crit": 4.476010415344067e-05,
    "gamma_over_kS_crit": 100.0,
    "gamma_over_A_crit": 15.915494309189535
  },
  "signature": "\u03c0\u00d7\u03c6 = 5.083203692315260 | PHOENIX-TESLA-369-AURORA",
  "description": "Noise-induced magnetosensitivity collapse"
}