{
  "parameters": {
    "B0_tesla": 5e-05,
    "B0_ut": 50.0,
    "N_nuclei": 2,
    "gamma_Hz": 397887.35772973835,
    "gamma_over_kS": 2.5,
    "kS_Hz": 1000000.0,
    "kT_Hz": 1000000.0,
    "T_us": 5.0,
    "dt_ns": 2.0,
    "theta_points": 61
  },
  "isotropic": {
    "theta_deg": [
      0.0,
      3.0,
      6.0,
      9.0,
      12.0,
      14.999999999999998,
      18.0,
      20.999999999999996,
      24.0,
      27.0,
      29.999999999999996,
      33.0,
      36.0,
      39.0,
      41.99999999999999,
      45.0,
      48.0,
      51.0,
      54.0,
      57.0,
      59.99999999999999,
      63.0,
      66.0,
      68.99999999999999,
      72.0,
      74.99999999999999,
      78.0,
      81.0,
      83.99999999999999,
      87.0,
      90.0,
      92.99999999999999,
      96.0,
      99.00000000000001,
      102.0,
      104.99999999999999,
      108.0,
      110.99999999999999,
      114.0,
      117.0,
      119.99999999999999,
      122.99999999999999,
      126.0,
      129.0,
      132.0,
      135.0,
      137.99999999999997,
      141.0,
      144.0,
      147.0,
      149.99999999999997,
      153.0,
      156.0,
      158.99999999999997,
      162.0,
      164.99999999999997,
      167.99999999999997,
      171.0,
      174.0,
      176.99999999999997,
      180.0
    ],
    "Y_S": [
      0.4913657080480113,
      0.49066478959170606,
      0.4886058152277467,
      0.4853139136922182,
      0.4809784261926423,
      0.4758288406615668,
      0.4701089205733324,
      0.46405372458266214,
      0.457872627555608,
      0.4517394567517772,
      0.44578915199434177,
      0.44011934104251255,
      0.4347949282168626,
      0.429854021778524,
      0.42531399784533597,
      0.4211769928378748,
      0.41743450984584984,
      0.41407108218842453,
      0.41106707700466455,
      0.4084007786362687,
      0.40604989993552626,
      0.4039926542504095,
      0.40220849692621263,
      0.4006786208654614,
      0.3993862697953952,
      0.39831691679006714,
      0.3974583443679954,
      0.3968006554488381,
      0.39633624039738025,
      0.3960597228042594,
      0.3959679040393378,
      0.39605972280425944,
      0.3963362403973803,
      0.3968006554488381,
      0.3974583443679954,
      0.3983169167900672,
      0.39938626979539527,
      0.4006786208654614,
      0.40220849692621263,
      0.4039926542504095,
      0.40604989993552626,
      0.4084007786362687,
      0.4110670770046646,
      0.41407108218842453,
      0.41743450984584984,
      0.4211769928378748,
      0.42531399784533597,
      0.429854021778524,
      0.4347949282168626,
      0.44011934104251255,
      0.44578915199434155,
      0.45173945675177707,
      0.4578726275556079,
      0.46405372458266214,
      0.4701089205733324,
      0.4758288406615668,
      0.48097842619264225,
      0.4853139136922182,
      0.48860581522774676,
      0.49066478959170606,
      0.4913657080480112
    ],
    "modulation_depth": 0.22042965181403174,
    "nuclei_params": [
      {
        "A_iso": 6283185.307179586,
        "coupling_electron": 0
      },
      {
        "A_iso": 3141592.653589793,
        "coupling_electron": 1
      }
    ]
  },
  "anisotropic": {
    "theta_deg": [
      0.0,
      3.0,
      6.0,
      9.0,
      12.0,
      14.999999999999998,
      18.0,
      20.999999999999996,
      24.0,
      27.0,
      29.999999999999996,
      33.0,
      36.0,
      39.0,
      41.99999999999999,
      45.0,
      48.0,
      51.0,
      54.0,
      57.0,
      59.99999999999999,
      63.0,
      66.0,
      68.99999999999999,
      72.0,
      74.99999999999999,
      78.0,
      81.0,
      83.99999999999999,
      87.0,
      90.0,
      92.99999999999999,
      96.0,
      99.00000000000001,
      102.0,
      104.99999999999999,
      108.0,
      110.99999999999999,
      114.0,
      117.0,
      119.99999999999999,
      122.99999999999999,
      126.0,
      129.0,
      132.0,
      135.0,
      137.99999999999997,
      141.0,
      144.0,
      147.0,
      149.99999999999997,
      153.0,
      156.0,
      158.99999999999997,
      162.0,
      164.99999999999997,
      167.99999999999997,
      171.0,
      174.0,
      176.99999999999997,
      180.0
    ],
    "Y_S": [
      0.4504787744052649,
      0.449149404915359,
      0.44538922492613897,
      0.43978582057294546,
      0.43306756564432064,
      0.4258999829138897,
      0.41878217551933333,
      0.4120382367008484,
      0.4058559907803838,
      0.400333221831448,
      0.39551369392304436,
      0.39141002436681116,
      0.3880162486273934,
      0.38531383446980005,
      0.38327371369801716,
      0.38185556614752986,
      0.3810052781373919,
      0.38065185118571393,
      0.3807053776408847,
      0.3810579897995362,
      0.38158970412776805,
      0.3821799671340913,
      0.38272314936103397,
      0.3831435089563335,
      0.3834043411529593,
      0.383508082577996,
      0.38348785914876476,
      0.38339404125837634,
      0.38328023710486875,
      0.38319194282650537,
      0.383159057324497,
      0.38319194282650537,
      0.38328023710486864,
      0.38339404125837634,
      0.38348785914876476,
      0.383508082577996,
      0.3834043411529592,
      0.3831435089563336,
      0.38272314936103397,
      0.3821799671340913,
      0.38158970412776805,
      0.3810579897995362,
      0.3807053776408847,
      0.38065185118571393,
      0.38100527813739177,
      0.38185556614752986,
      0.38327371369801716,
      0.38531383446980005,
      0.38801624862739337,
      0.3914100243668112,
      0.39551369392304436,
      0.4003332218314479,
      0.4058559907803838,
      0.4120382367008484,
      0.41878217551933333,
      0.4258999829138897,
      0.43306756564432064,
      0.4397858205729454,
      0.4453892249261388,
      0.44914940491535893,
      0.4504787744052649
    ],
    "modulation_depth": 0.1752703095238167,
    "nuclei_params": [
      {
        "A_tensor": [
          [
            6283185.307179586,
            0.0,
            0.0
          ],
          [
            0.0,
            6283185.307179586,
            0.0
          ],
          [
            0.0,
            0.0,
            12566370.614359172
          ]
        ],
        "coupling_electron": 0
      },
      {
        "A_iso": 3141592.653589793,
        "coupling_electron": 1
      }
    ]
  }
}